{"mean":{"confidence_interval":{"confidence_level":0.95,"lower_bound":-0.012754567156947373,"upper_bound":0.0015983014733560931},"point_estimate":-0.005966447050144041,"standard_error":0.003648909083523041},"median":{"confidence_interval":{"confidence_level":0.95,"lower_bound":-0.015486241568231973,"upper_bound":-0.003263546052498012},"point_estimate":-0.009275759637659586,"standard_error":0.0030759979031338178}}