{"mean":{"confidence_interval":{"confidence_level":0.95,"lower_bound":-0.018232390018586786,"upper_bound":0.016318298820859427},"point_estimate":-0.000561997449096352,"standard_error":0.008797749960956022},"median":{"confidence_interval":{"confidence_level":0.95,"lower_bound":-0.025353049155200202,"upper_bound":0.002744889352319868},"point_estimate":-0.016442409699656713,"standard_error":0.007105618432876776}}