{"mean":{"confidence_interval":{"confidence_level":0.95,"lower_bound":-0.02327082183003895,"upper_bound":-0.012069830278243843},"point_estimate":-0.017523279734381836,"standard_error":0.0028562647185306354},"median":{"confidence_interval":{"confidence_level":0.95,"lower_bound":-0.025105507909515712,"upper_bound":-0.012295705368829537},"point_estimate":-0.01998204641652701,"standard_error":0.0036451212113598704}}