{"mean":{"confidence_interval":{"confidence_level":0.95,"lower_bound":99.7100471112573,"upper_bound":101.13640510700066},"point_estimate":100.3754050648489,"standard_error":0.365789270134752},"median":{"confidence_interval":{"confidence_level":0.95,"lower_bound":99.36824362591346,"upper_bound":100.0311369777593},"point_estimate":99.71420442735399,"standard_error":0.16408612863105332},"median_abs_dev":{"confidence_interval":{"confidence_level":0.95,"lower_bound":1.1532123215971988,"upper_bound":1.8039348006633884},"point_estimate":1.456182022058646,"standard_error":0.17560315607030047},"slope":{"confidence_interval":{"confidence_level":0.95,"lower_bound":99.53979587704238,"upper_bound":100.77806917239525},"point_estimate":100.10132119674148,"standard_error":0.3166840841987272},"std_dev":{"confidence_interval":{"confidence_level":0.95,"lower_bound":2.3233226842867682,"upper_bound":4.812709274644956},"point_estimate":3.683566255648568,"standard_error":0.6364127819894124}}