{"mean":{"confidence_interval":{"confidence_level":0.95,"lower_bound":-0.14805707193401918,"upper_bound":-0.1286847142566335},"point_estimate":-0.1381726300978351,"standard_error":0.004945753951138357},"median":{"confidence_interval":{"confidence_level":0.95,"lower_bound":-0.1479963219152738,"upper_bound":-0.1340305609649638},"point_estimate":-0.1425583441319498,"standard_error":0.00343547047614949}}