{"mean":{"confidence_interval":{"confidence_level":0.95,"lower_bound":-0.0571746289658974,"upper_bound":-0.03690711099552883},"point_estimate":-0.047252807571814937,"standard_error":0.005170388868380735},"median":{"confidence_interval":{"confidence_level":0.95,"lower_bound":-0.056563256845170606,"upper_bound":-0.03231997160441691},"point_estimate":-0.041402640995392925,"standard_error":0.006161937456929763}}