{"mean":{"confidence_interval":{"confidence_level":0.95,"lower_bound":-0.0482452079655257,"upper_bound":-0.031807136292546424},"point_estimate":-0.03972963743864122,"standard_error":0.004184983997672599},"median":{"confidence_interval":{"confidence_level":0.95,"lower_bound":-0.039008742300116195,"upper_bound":-0.02285365797147121},"point_estimate":-0.03160193395134103,"standard_error":0.0037886163547785996}}