{"mean":{"confidence_interval":{"confidence_level":0.95,"lower_bound":-0.03145881690367588,"upper_bound":-0.012887313618852935},"point_estimate":-0.02199352381204056,"standard_error":0.004726847805023335},"median":{"confidence_interval":{"confidence_level":0.95,"lower_bound":-0.023066552716526578,"upper_bound":-0.00414220395124798},"point_estimate":-0.012823159233805947,"standard_error":0.0053880725685608605}}