{"mean":{"confidence_interval":{"confidence_level":0.95,"lower_bound":-0.01345342341701187,"upper_bound":0.0031540648894387937},"point_estimate":-0.005519528286014541,"standard_error":0.004210860626523742},"median":{"confidence_interval":{"confidence_level":0.95,"lower_bound":-0.016105564583561716,"upper_bound":0.0031387608746957785},"point_estimate":-0.007584954077282879,"standard_error":0.0045983760044202016}}