{"mean":{"confidence_interval":{"confidence_level":0.95,"lower_bound":-0.08120176239028108,"upper_bound":-0.05268823936508057},"point_estimate":-0.0665612985346774,"standard_error":0.007270448893235121},"median":{"confidence_interval":{"confidence_level":0.95,"lower_bound":-0.05692296074139501,"upper_bound":-0.03193370033626808},"point_estimate":-0.04419965642639434,"standard_error":0.006396147689348429}}