{"mean":{"confidence_interval":{"confidence_level":0.95,"lower_bound":-0.08436861124150377,"upper_bound":-0.052332146379903105},"point_estimate":-0.06837174409636759,"standard_error":0.008189422873900419},"median":{"confidence_interval":{"confidence_level":0.95,"lower_bound":-0.07511147850743893,"upper_bound":-0.03636727243315496},"point_estimate":-0.05537394940988449,"standard_error":0.010417068859057318}}