{"mean":{"confidence_interval":{"confidence_level":0.95,"lower_bound":-0.08732199304488682,"upper_bound":-0.025851176325228854},"point_estimate":-0.056365819346392176,"standard_error":0.0156897349061456},"median":{"confidence_interval":{"confidence_level":0.95,"lower_bound":-0.06305907661896959,"upper_bound":-0.03250375450684306},"point_estimate":-0.04865707070241332,"standard_error":0.00789438478225881}}