{"mean":{"confidence_interval":{"confidence_level":0.95,"lower_bound":-0.10882089715457288,"upper_bound":-0.061811568555851695},"point_estimate":-0.0848965387948406,"standard_error":0.012004395746831304},"median":{"confidence_interval":{"confidence_level":0.95,"lower_bound":-0.08212621333292836,"upper_bound":-0.05497094184704554},"point_estimate":-0.0723595343528618,"standard_error":0.007102776317798374}}