{"mean":{"confidence_interval":{"confidence_level":0.95,"lower_bound":-0.04110323974087926,"upper_bound":-0.026826287430323316},"point_estimate":-0.033969989484045726,"standard_error":0.003661991367737281},"median":{"confidence_interval":{"confidence_level":0.95,"lower_bound":-0.03988498523603612,"upper_bound":-0.026203879527144758},"point_estimate":-0.0331655864543714,"standard_error":0.0036106368526513926}}