{"mean":{"confidence_interval":{"confidence_level":0.95,"lower_bound":-0.05892275906243181,"upper_bound":-0.033444934382758376},"point_estimate":-0.04538333274627071,"standard_error":0.006484928792016626},"median":{"confidence_interval":{"confidence_level":0.95,"lower_bound":-0.04092637019684908,"upper_bound":-0.016763373112198332},"point_estimate":-0.029644132402185552,"standard_error":0.006328205972871449}}