{"mean":{"confidence_interval":{"confidence_level":0.95,"lower_bound":0.02530441974329566,"upper_bound":0.04141313114532425},"point_estimate":0.03344097264838197,"standard_error":0.004060283829075215},"median":{"confidence_interval":{"confidence_level":0.95,"lower_bound":0.021939165909764746,"upper_bound":0.040741528930622106},"point_estimate":0.03176760355429731,"standard_error":0.004382250566425929}}