{"mean":{"confidence_interval":{"confidence_level":0.95,"lower_bound":-0.057920536893606586,"upper_bound":-0.02054122852904551},"point_estimate":-0.03828078859316941,"standard_error":0.009560918691798816},"median":{"confidence_interval":{"confidence_level":0.95,"lower_bound":-0.03276721881571509,"upper_bound":-0.006498468662838443},"point_estimate":-0.015946253057978144,"standard_error":0.006728496679234528}}