{"mean":{"confidence_interval":{"confidence_level":0.95,"lower_bound":14.025410622784678,"upper_bound":14.190855880102378},"point_estimate":14.102193374023168,"standard_error":0.04229216404785329},"median":{"confidence_interval":{"confidence_level":0.95,"lower_bound":13.94325413213161,"upper_bound":14.05733387183966},"point_estimate":14.006296339600443,"standard_error":0.031058028294514844},"median_abs_dev":{"confidence_interval":{"confidence_level":0.95,"lower_bound":0.18391423691521136,"upper_bound":0.35877550165805017},"point_estimate":0.2764525783759085,"standard_error":0.045347791061188254},"slope":{"confidence_interval":{"confidence_level":0.95,"lower_bound":14.07463310349955,"upper_bound":14.26905450137411},"point_estimate":14.167511834690035,"standard_error":0.049586198912397884},"std_dev":{"confidence_interval":{"confidence_level":0.95,"lower_bound":0.2838643074330379,"upper_bound":0.5823549895953308},"point_estimate":0.42473781987126075,"standard_error":0.0842407735677726}}