{"mean":{"confidence_interval":{"confidence_level":0.95,"lower_bound":-0.07642092170992672,"upper_bound":-0.032097191472896795},"point_estimate":-0.055396288669203875,"standard_error":0.011301997584372786},"median":{"confidence_interval":{"confidence_level":0.95,"lower_bound":-0.07222221804214057,"upper_bound":-0.05139436375109818},"point_estimate":-0.0615399265240526,"standard_error":0.004963166411605156}}