{"mean":{"confidence_interval":{"confidence_level":0.95,"lower_bound":-0.011297092596079524,"upper_bound":0.000641307588584629},"point_estimate":-0.005440242743778412,"standard_error":0.0030396430592990746},"median":{"confidence_interval":{"confidence_level":0.95,"lower_bound":-0.009560297002950136,"upper_bound":0.0024273145253828066},"point_estimate":-0.004362919550794819,"standard_error":0.0031040010640261055}}