{"mean":{"confidence_interval":{"confidence_level":0.95,"lower_bound":-0.10702349641902803,"upper_bound":-0.041378139179990336},"point_estimate":-0.07463242634648337,"standard_error":0.01690567439315592},"median":{"confidence_interval":{"confidence_level":0.95,"lower_bound":-0.1381270497231767,"upper_bound":-0.09516215442254128},"point_estimate":-0.11370054091637971,"standard_error":0.010927642052015657}}