{"mean":{"confidence_interval":{"confidence_level":0.95,"lower_bound":-0.0366215845739012,"upper_bound":-0.025331100630493344},"point_estimate":-0.030984786333528302,"standard_error":0.0028822574768353265},"median":{"confidence_interval":{"confidence_level":0.95,"lower_bound":-0.03429023372982465,"upper_bound":-0.023413214903698076},"point_estimate":-0.029140523175239852,"standard_error":0.002794925276939799}}