{"mean":{"confidence_interval":{"confidence_level":0.95,"lower_bound":-0.058853530026422525,"upper_bound":-0.029191381375079508},"point_estimate":-0.044157202096538395,"standard_error":0.007560105028289919},"median":{"confidence_interval":{"confidence_level":0.95,"lower_bound":-0.052717482369521035,"upper_bound":-0.019538376898977416},"point_estimate":-0.030895164137036857,"standard_error":0.007673293074233531}}