{"mean":{"confidence_interval":{"confidence_level":0.95,"lower_bound":-0.054034187054144894,"upper_bound":-0.014811876497762054},"point_estimate":-0.03409740863566224,"standard_error":0.010005668572210047},"median":{"confidence_interval":{"confidence_level":0.95,"lower_bound":-0.036158999428477334,"upper_bound":-0.007779199092031025},"point_estimate":-0.02197422214872158,"standard_error":0.007266146109381163}}