{"mean":{"confidence_interval":{"confidence_level":0.95,"lower_bound":-0.007427436863009666,"upper_bound":0.018930458029326323},"point_estimate":0.004844209888068107,"standard_error":0.006752735804874272},"median":{"confidence_interval":{"confidence_level":0.95,"lower_bound":-0.016813312659471613,"upper_bound":0.004631684929933044},"point_estimate":-0.0028277570432824195,"standard_error":0.005829595870619202}}