{"mean":{"confidence_interval":{"confidence_level":0.95,"lower_bound":-0.0367012264734532,"upper_bound":-0.00734574208518849},"point_estimate":-0.021924983451135915,"standard_error":0.007459457245475876},"median":{"confidence_interval":{"confidence_level":0.95,"lower_bound":-0.04549882771337677,"upper_bound":-0.01774527849530221},"point_estimate":-0.03204489561117119,"standard_error":0.007049690076136913}}