{"mean":{"confidence_interval":{"confidence_level":0.95,"lower_bound":-0.0552431041124859,"upper_bound":-0.029976654715094673},"point_estimate":-0.04254891545122619,"standard_error":0.006450111528313091},"median":{"confidence_interval":{"confidence_level":0.95,"lower_bound":-0.053443779210219804,"upper_bound":-0.027101186015109135},"point_estimate":-0.041966691602107975,"standard_error":0.006746316119536648}}