{"mean":{"confidence_interval":{"confidence_level":0.95,"lower_bound":-0.0755042139526643,"upper_bound":-0.04510931331802556},"point_estimate":-0.059720056314113146,"standard_error":0.007759942124018726},"median":{"confidence_interval":{"confidence_level":0.95,"lower_bound":-0.06530618732003823,"upper_bound":-0.03619691819522519},"point_estimate":-0.05349782397133018,"standard_error":0.0062973048459912485}}